<?xml version="1.0" encoding="utf-8" standalone="no"?>
<!DOCTYPE Archive SYSTEM "http://greenstone.org/dtd/Archive/1.0/Archive.dtd">
<Archive>
<Section>
  <Description>
    <Metadata name="gsdlsourcefilename">import\songs\One.mp3</Metadata>
    <Metadata name="gsdldoctype">indexed_doc</Metadata>
    <Metadata name="Plugin">MP3Plugin</Metadata>
    <Metadata name="FileSize">7434146</Metadata>
    <Metadata name="Source">One.mp3</Metadata>
    <Metadata name="SourceFile">One.mp3</Metadata>
    <Metadata name="mp3">One</Metadata>
    <Metadata name="srcurl">One.mp3</Metadata>
    <Metadata name="ex.id3.Title">yt1s.io - Metallica: One (Offi</Metadata>
    <Metadata name="FileFormat">MP3</Metadata>
    <Metadata name="srcicon">_iconmp3_</Metadata>
    <Metadata name="srclink_file">One.mp3</Metadata>
    <Metadata name="srclinkFile">One.mp3</Metadata>
    <Metadata name="NoText">1</Metadata>
    <Metadata name="dc.Format">Songs</Metadata>
    <Metadata name="Title">yt1s.io - Metallica: One (Offi</Metadata>
    <Metadata name="Identifier">HASHe091bc82256f67240d5317</Metadata>
    <Metadata name="lastmodified">1683662965</Metadata>
    <Metadata name="lastmodifieddate">20230509</Metadata>
    <Metadata name="oailastmodified">1683663452</Metadata>
    <Metadata name="oailastmodifieddate">20230509</Metadata>
    <Metadata name="assocfilepath">HASHe091.dir</Metadata>
    <Metadata name="gsdlassocfile">One.mp3:audio/mp3:</Metadata>
  </Description>
  <Content>This document has no text.</Content>
</Section>
</Archive>
