<?xml version="1.0" encoding="utf-8" standalone="no"?>
<!DOCTYPE Archive SYSTEM "http://greenstone.org/dtd/Archive/1.0/Archive.dtd">
<Archive>
<Section>
  <Description>
    <Metadata name="gsdlsourcefilename">import\songs\RW50ZXIgU2FuZG1hbg==.mp3</Metadata>
    <Metadata name="gsdldoctype">indexed_doc</Metadata>
    <Metadata name="Plugin">MP3Plugin</Metadata>
    <Metadata name="FileSize">5298388</Metadata>
    <Metadata name="Source">Enter Sandman.mp3</Metadata>
    <Metadata name="SourceFile">RW50ZXIgU2FuZG1hbg==.mp3</Metadata>
    <Metadata name="mp3">Enter Sandman</Metadata>
    <Metadata name="srcurl">RW50ZXIgU2FuZG1hbg==.mp3</Metadata>
    <Metadata name="ex.id3.Title">SnapSave.io - Metallica: Enter</Metadata>
    <Metadata name="FileFormat">MP3</Metadata>
    <Metadata name="srcicon">_iconmp3_</Metadata>
    <Metadata name="srclink_file">RW50ZXIgU2FuZG1hbg==.mp3</Metadata>
    <Metadata name="srclinkFile">RW50ZXIgU2FuZG1hbg==.mp3</Metadata>
    <Metadata name="NoText">1</Metadata>
    <Metadata name="dc.Format">Songs</Metadata>
    <Metadata name="Title">SnapSave.io - Metallica: Enter</Metadata>
    <Metadata name="Identifier">HASH01d92b91ae1367c5209b05d8</Metadata>
    <Metadata name="lastmodified">1683662966</Metadata>
    <Metadata name="lastmodifieddate">20230509</Metadata>
    <Metadata name="oailastmodified">1683663451</Metadata>
    <Metadata name="oailastmodifieddate">20230509</Metadata>
    <Metadata name="assocfilepath">HASH01d9.dir</Metadata>
    <Metadata name="gsdlassocfile">RW50ZXIgU2FuZG1hbg==.mp3:audio/mp3:</Metadata>
  </Description>
  <Content>This document has no text.</Content>
</Section>
</Archive>
