<?xml version="1.0" encoding="utf-8" standalone="no"?>
<!DOCTYPE Archive SYSTEM "http://greenstone.org/dtd/Archive/1.0/Archive.dtd">
<Archive>
<Section>
  <Description>
    <Metadata name="gsdlsourcefilename">import\images\72-seasons-video.jpg</Metadata>
    <Metadata name="gsdldoctype">indexed_doc</Metadata>
    <Metadata name="Plugin">ImagePlugin</Metadata>
    <Metadata name="Image">72-seasons-video.jpg</Metadata>
    <Metadata name="OrigSource">72-seasons-video.jpg</Metadata>
    <Metadata name="Source">72-seasons-video.jpg</Metadata>
    <Metadata name="SourceFile">72-seasons-video.jpg</Metadata>
    <Metadata name="FileFormat">jpeg</Metadata>
    <Metadata name="FileSize">131965</Metadata>
    <Metadata name="ImageType">JPEG</Metadata>
    <Metadata name="ImageWidth">1280</Metadata>
    <Metadata name="ImageHeight">720</Metadata>
    <Metadata name="ImageSize">129KB</Metadata>
    <Metadata name="srclink_file">72-seasons-video.jpg</Metadata>
    <Metadata name="srclinkFile">72-seasons-video.jpg</Metadata>
    <Metadata name="srcicon">&lt;img src=&quot;_httpprefix_/collect/[collection]/index/assoc/[assocfilepath]/[srclinkFile]&quot; width=&quot;[ImageWidth]&quot; height=&quot;[ImageHeight]&quot;&gt;</Metadata>
    <Metadata name="ThumbType">gif</Metadata>
    <Metadata name="Thumb">72-seasons-video_thumb.gif</Metadata>
    <Metadata name="thumbicon">&lt;img src=&quot;_httpprefix_/collect/[collection]/index/assoc/[assocfilepath]/[Thumb]&quot; alt=&quot;[Thumb]&quot; width=&quot;[ThumbWidth]&quot; height=&quot;[ThumbHeight]&quot;&gt;</Metadata>
    <Metadata name="ThumbWidth">100</Metadata>
    <Metadata name="ThumbHeight">56</Metadata>
    <Metadata name="ScreenType">jpeg</Metadata>
    <Metadata name="Screen">72-seasons-video_screen.jpeg</Metadata>
    <Metadata name="screenicon">&lt;img src=&quot;_httpprefix_/collect/[collection]/index/assoc/[assocfilepath]/[Screen]&quot; width=[ScreenWidth] height=[ScreenHeight]&gt;</Metadata>
    <Metadata name="ScreenWidth">500</Metadata>
    <Metadata name="ScreenHeight">281</Metadata>
    <Metadata name="NoText">1</Metadata>
    <Metadata name="dc.Format">Images</Metadata>
    <Metadata name="Title">72-seasons-video</Metadata>
    <Metadata name="Identifier">HASHa84b0c99ec54453405b00a</Metadata>
    <Metadata name="lastmodified">1683662966</Metadata>
    <Metadata name="lastmodifieddate">20230509</Metadata>
    <Metadata name="oailastmodified">1683663451</Metadata>
    <Metadata name="oailastmodifieddate">20230509</Metadata>
    <Metadata name="assocfilepath">HASHa84b.dir</Metadata>
    <Metadata name="gsdlassocfile">72-seasons-video.jpg:image/jpeg:</Metadata>
    <Metadata name="gsdlassocfile">72-seasons-video_thumb.gif:image/gif:</Metadata>
    <Metadata name="gsdlassocfile">72-seasons-video_screen.jpeg:image/jpeg:</Metadata>
  </Description>
  <Content>This document has no text.</Content>
</Section>
</Archive>
