<?xml version="1.0" encoding="utf-8" standalone="no"?>
<!DOCTYPE Archive SYSTEM "http://greenstone.org/dtd/Archive/1.0/Archive.dtd">
<Archive>
<Section>
  <Description>
    <Metadata name="gsdlsourcefilename">import\songs\TWFzdGVyIG9mIFB1cHBldHM=.mp3</Metadata>
    <Metadata name="gsdldoctype">indexed_doc</Metadata>
    <Metadata name="Plugin">MP3Plugin</Metadata>
    <Metadata name="FileSize">2</Metadata>
    <Metadata name="Source">Master of Puppets.mp3</Metadata>
    <Metadata name="SourceFile">TWFzdGVyIG9mIFB1cHBldHM=.mp3</Metadata>
    <Metadata name="mp3">Master of Puppets</Metadata>
    <Metadata name="srcurl">TWFzdGVyIG9mIFB1cHBldHM=.mp3</Metadata>
    <Metadata name="FileFormat">MP3</Metadata>
    <Metadata name="srcicon">_iconmp3_</Metadata>
    <Metadata name="srclink_file">TWFzdGVyIG9mIFB1cHBldHM=.mp3</Metadata>
    <Metadata name="srclinkFile">TWFzdGVyIG9mIFB1cHBldHM=.mp3</Metadata>
    <Metadata name="NoText">1</Metadata>
    <Metadata name="dc.Format">Songs</Metadata>
    <Metadata name="Title">Master of Puppets</Metadata>
    <Metadata name="Identifier">HASHdd9affc6b66b99e76518f1</Metadata>
    <Metadata name="lastmodified">1683662965</Metadata>
    <Metadata name="lastmodifieddate">20230509</Metadata>
    <Metadata name="oailastmodified">1683663451</Metadata>
    <Metadata name="oailastmodifieddate">20230509</Metadata>
    <Metadata name="assocfilepath">HASHdd9a.dir</Metadata>
    <Metadata name="gsdlassocfile">TWFzdGVyIG9mIFB1cHBldHM=.mp3:audio/mp3:</Metadata>
  </Description>
  <Content>This document has no text.</Content>
</Section>
</Archive>
