<?xml version="1.0" encoding="utf-8" standalone="no"?>
<!DOCTYPE Archive SYSTEM "http://greenstone.org/dtd/Archive/1.0/Archive.dtd">
<Archive>
<Section>
  <Description>
    <Metadata name="gsdlsourcefilename">import\songs\VHVybiB0aGUgUGFnZQ==.mp3</Metadata>
    <Metadata name="gsdldoctype">indexed_doc</Metadata>
    <Metadata name="Plugin">MP3Plugin</Metadata>
    <Metadata name="FileSize">5594523</Metadata>
    <Metadata name="Source">Turn the Page.mp3</Metadata>
    <Metadata name="SourceFile">VHVybiB0aGUgUGFnZQ==.mp3</Metadata>
    <Metadata name="mp3">Turn the Page</Metadata>
    <Metadata name="srcurl">VHVybiB0aGUgUGFnZQ==.mp3</Metadata>
    <Metadata name="FileFormat">MP3</Metadata>
    <Metadata name="srcicon">_iconmp3_</Metadata>
    <Metadata name="srclink_file">VHVybiB0aGUgUGFnZQ==.mp3</Metadata>
    <Metadata name="srclinkFile">VHVybiB0aGUgUGFnZQ==.mp3</Metadata>
    <Metadata name="NoText">1</Metadata>
    <Metadata name="dc.Format">Songs</Metadata>
    <Metadata name="Title">Turn the Page</Metadata>
    <Metadata name="Identifier">HASH1367a0859136d2fdcbd723</Metadata>
    <Metadata name="lastmodified">1683662963</Metadata>
    <Metadata name="lastmodifieddate">20230509</Metadata>
    <Metadata name="oailastmodified">1683663452</Metadata>
    <Metadata name="oailastmodifieddate">20230509</Metadata>
    <Metadata name="assocfilepath">HASH1367.dir</Metadata>
    <Metadata name="gsdlassocfile">VHVybiB0aGUgUGFnZQ==.mp3:audio/mp3:</Metadata>
  </Description>
  <Content>This document has no text.</Content>
</Section>
</Archive>
