<?xml version="1.0" encoding="utf-8" standalone="no"?>
<!DOCTYPE Archive SYSTEM "http://greenstone.org/dtd/Archive/1.0/Archive.dtd">
<Archive>
<Section>
  <Description>
    <Metadata name="gsdlsourcefilename">import\images\2.jpg</Metadata>
    <Metadata name="gsdldoctype">indexed_doc</Metadata>
    <Metadata name="Plugin">ImagePlugin</Metadata>
    <Metadata name="Image">2.jpg</Metadata>
    <Metadata name="OrigSource">2.jpg</Metadata>
    <Metadata name="Source">2.jpg</Metadata>
    <Metadata name="SourceFile">2.jpg</Metadata>
    <Metadata name="FileFormat">jpeg</Metadata>
    <Metadata name="FileSize">77902</Metadata>
    <Metadata name="ImageType">JPEG</Metadata>
    <Metadata name="ImageWidth">640</Metadata>
    <Metadata name="ImageHeight">640</Metadata>
    <Metadata name="ImageSize">76.1KB</Metadata>
    <Metadata name="srclink_file">2.jpg</Metadata>
    <Metadata name="srclinkFile">2.jpg</Metadata>
    <Metadata name="srcicon">&lt;img src=&quot;_httpprefix_/collect/[collection]/index/assoc/[assocfilepath]/[srclinkFile]&quot; width=&quot;[ImageWidth]&quot; height=&quot;[ImageHeight]&quot;&gt;</Metadata>
    <Metadata name="ThumbType">gif</Metadata>
    <Metadata name="Thumb">2_thumb.gif</Metadata>
    <Metadata name="thumbicon">&lt;img src=&quot;_httpprefix_/collect/[collection]/index/assoc/[assocfilepath]/[Thumb]&quot; alt=&quot;[Thumb]&quot; width=&quot;[ThumbWidth]&quot; height=&quot;[ThumbHeight]&quot;&gt;</Metadata>
    <Metadata name="ThumbWidth">100</Metadata>
    <Metadata name="ThumbHeight">100</Metadata>
    <Metadata name="ScreenType">jpeg</Metadata>
    <Metadata name="Screen">2_screen.jpeg</Metadata>
    <Metadata name="screenicon">&lt;img src=&quot;_httpprefix_/collect/[collection]/index/assoc/[assocfilepath]/[Screen]&quot; width=[ScreenWidth] height=[ScreenHeight]&gt;</Metadata>
    <Metadata name="ScreenWidth">500</Metadata>
    <Metadata name="ScreenHeight">500</Metadata>
    <Metadata name="NoText">1</Metadata>
    <Metadata name="dc.Format">Images</Metadata>
    <Metadata name="Title">2</Metadata>
    <Metadata name="Identifier">HASH1728e4f68cdf0bb8ca34fc</Metadata>
    <Metadata name="lastmodified">1683662966</Metadata>
    <Metadata name="lastmodifieddate">20230509</Metadata>
    <Metadata name="oailastmodified">1683663440</Metadata>
    <Metadata name="oailastmodifieddate">20230509</Metadata>
    <Metadata name="assocfilepath">HASH1728.dir</Metadata>
    <Metadata name="gsdlassocfile">2.jpg:image/jpeg:</Metadata>
    <Metadata name="gsdlassocfile">2_thumb.gif:image/gif:</Metadata>
    <Metadata name="gsdlassocfile">2_screen.jpeg:image/jpeg:</Metadata>
  </Description>
  <Content>This document has no text.</Content>
</Section>
</Archive>
