<?xml version="1.0" encoding="utf-8" standalone="no"?>
<!DOCTYPE Archive SYSTEM "http://greenstone.org/dtd/Archive/1.0/Archive.dtd">
<Archive>
<Section>
  <Description>
    <Metadata name="gsdlsourcefilename">import\images\6.jpg</Metadata>
    <Metadata name="gsdldoctype">indexed_doc</Metadata>
    <Metadata name="Plugin">ImagePlugin</Metadata>
    <Metadata name="Image">6.jpg</Metadata>
    <Metadata name="OrigSource">6.jpg</Metadata>
    <Metadata name="Source">6.jpg</Metadata>
    <Metadata name="SourceFile">6.jpg</Metadata>
    <Metadata name="FileFormat">jpeg</Metadata>
    <Metadata name="FileSize">69412</Metadata>
    <Metadata name="ImageType">JPEG</Metadata>
    <Metadata name="ImageWidth">1000</Metadata>
    <Metadata name="ImageHeight">661</Metadata>
    <Metadata name="ImageSize">67.8KB</Metadata>
    <Metadata name="srclink_file">6.jpg</Metadata>
    <Metadata name="srclinkFile">6.jpg</Metadata>
    <Metadata name="srcicon">&lt;img src=&quot;_httpprefix_/collect/[collection]/index/assoc/[assocfilepath]/[srclinkFile]&quot; width=&quot;[ImageWidth]&quot; height=&quot;[ImageHeight]&quot;&gt;</Metadata>
    <Metadata name="ThumbType">gif</Metadata>
    <Metadata name="Thumb">6_thumb.gif</Metadata>
    <Metadata name="thumbicon">&lt;img src=&quot;_httpprefix_/collect/[collection]/index/assoc/[assocfilepath]/[Thumb]&quot; alt=&quot;[Thumb]&quot; width=&quot;[ThumbWidth]&quot; height=&quot;[ThumbHeight]&quot;&gt;</Metadata>
    <Metadata name="ThumbWidth">100</Metadata>
    <Metadata name="ThumbHeight">66</Metadata>
    <Metadata name="ScreenType">jpeg</Metadata>
    <Metadata name="Screen">6_screen.jpeg</Metadata>
    <Metadata name="screenicon">&lt;img src=&quot;_httpprefix_/collect/[collection]/index/assoc/[assocfilepath]/[Screen]&quot; width=[ScreenWidth] height=[ScreenHeight]&gt;</Metadata>
    <Metadata name="ScreenWidth">500</Metadata>
    <Metadata name="ScreenHeight">331</Metadata>
    <Metadata name="NoText">1</Metadata>
    <Metadata name="dc.Format">Images</Metadata>
    <Metadata name="Title">6</Metadata>
    <Metadata name="Identifier">HASHf72aa4fa0ce60bd6ca70fc</Metadata>
    <Metadata name="lastmodified">1683662966</Metadata>
    <Metadata name="lastmodifieddate">20230509</Metadata>
    <Metadata name="oailastmodified">1683663447</Metadata>
    <Metadata name="oailastmodifieddate">20230509</Metadata>
    <Metadata name="assocfilepath">HASHf72a.dir</Metadata>
    <Metadata name="gsdlassocfile">6.jpg:image/jpeg:</Metadata>
    <Metadata name="gsdlassocfile">6_thumb.gif:image/gif:</Metadata>
    <Metadata name="gsdlassocfile">6_screen.jpeg:image/jpeg:</Metadata>
  </Description>
  <Content>This document has no text.</Content>
</Section>
</Archive>
