<?xml version="1.0" encoding="utf-8" standalone="no"?>
<!DOCTYPE Archive SYSTEM "http://greenstone.org/dtd/Archive/1.0/Archive.dtd">
<Archive>
<Section>
  <Description>
    <Metadata name="gsdlsourcefilename">import\images\1.jpg</Metadata>
    <Metadata name="gsdldoctype">indexed_doc</Metadata>
    <Metadata name="Plugin">ImagePlugin</Metadata>
    <Metadata name="Image">1.jpg</Metadata>
    <Metadata name="OrigSource">1.jpg</Metadata>
    <Metadata name="Source">1.jpg</Metadata>
    <Metadata name="SourceFile">1.jpg</Metadata>
    <Metadata name="FileFormat">jpeg</Metadata>
    <Metadata name="FileSize">123890</Metadata>
    <Metadata name="ImageType">JPEG</Metadata>
    <Metadata name="ImageWidth">976</Metadata>
    <Metadata name="ImageHeight">549</Metadata>
    <Metadata name="ImageSize">121KB</Metadata>
    <Metadata name="srclink_file">1.jpg</Metadata>
    <Metadata name="srclinkFile">1.jpg</Metadata>
    <Metadata name="srcicon">&lt;img src=&quot;_httpprefix_/collect/[collection]/index/assoc/[assocfilepath]/[srclinkFile]&quot; width=&quot;[ImageWidth]&quot; height=&quot;[ImageHeight]&quot;&gt;</Metadata>
    <Metadata name="ThumbType">gif</Metadata>
    <Metadata name="Thumb">1_thumb.gif</Metadata>
    <Metadata name="thumbicon">&lt;img src=&quot;_httpprefix_/collect/[collection]/index/assoc/[assocfilepath]/[Thumb]&quot; alt=&quot;[Thumb]&quot; width=&quot;[ThumbWidth]&quot; height=&quot;[ThumbHeight]&quot;&gt;</Metadata>
    <Metadata name="ThumbWidth">100</Metadata>
    <Metadata name="ThumbHeight">56</Metadata>
    <Metadata name="ScreenType">jpeg</Metadata>
    <Metadata name="Screen">1_screen.jpeg</Metadata>
    <Metadata name="screenicon">&lt;img src=&quot;_httpprefix_/collect/[collection]/index/assoc/[assocfilepath]/[Screen]&quot; width=[ScreenWidth] height=[ScreenHeight]&gt;</Metadata>
    <Metadata name="ScreenWidth">500</Metadata>
    <Metadata name="ScreenHeight">281</Metadata>
    <Metadata name="NoText">1</Metadata>
    <Metadata name="dc.Format">Images</Metadata>
    <Metadata name="Title">1</Metadata>
    <Metadata name="Identifier">HASH01df2874f5acdd4bb14a25fb</Metadata>
    <Metadata name="lastmodified">1683662966</Metadata>
    <Metadata name="lastmodifieddate">20230509</Metadata>
    <Metadata name="oailastmodified">1683663439</Metadata>
    <Metadata name="oailastmodifieddate">20230509</Metadata>
    <Metadata name="assocfilepath">HASH01df.dir</Metadata>
    <Metadata name="gsdlassocfile">1.jpg:image/jpeg:</Metadata>
    <Metadata name="gsdlassocfile">1_thumb.gif:image/gif:</Metadata>
    <Metadata name="gsdlassocfile">1_screen.jpeg:image/jpeg:</Metadata>
  </Description>
  <Content>This document has no text.</Content>
</Section>
</Archive>
